자치구별(1),자치구별(2),성별(1),연령별(1),연령별(2),2037
합계,소계,계,계,소계,8869389
합계,소계,계,계,0~4세,278661
합계,소계,계,계,5~9세,263915
합계,소계,계,계,10~14세,225746
합계,소계,계,계,15~19세,214958
합계,소계,계,계,20~24세,364956
합계,소계,계,계,25~29세,504969
합계,소계,계,계,30~34세,516544
합계,소계,계,계,35~39세,621736
합계,소계,계,계,40~44세,677273
합계,소계,계,계,45~49세,609747
합계,소계,계,계,50~54세,596933
합계,소계,계,계,55~59세,664843
합계,소계,계,계,60~64세,655661
합계,소계,계,계,65~69세,715592
합계,소계,계,계,70~74세,630513
합계,소계,계,계,75~79세,597140
합계,소계,계,계,80~84세,400926
합계,소계,계,계,85~89세,207605
합계,소계,계,계,90~94세,90185
합계,소계,계,계,95세 이상+,31486
합계,소계,남자,계,소계,4244961
합계,소계,남자,계,0~4세,143614
합계,소계,남자,계,5~9세,136044
합계,소계,남자,계,10~14세,116578
합계,소계,남자,계,15~19세,109776
합계,소계,남자,계,20~24세,172000
합계,소계,남자,계,25~29세,232859
합계,소계,남자,계,30~34세,245563
합계,소계,남자,계,35~39세,303165
합계,소계,남자,계,40~44세,337756
합계,소계,남자,계,45~49세,305506
합계,소계,남자,계,50~54세,294715
합계,소계,남자,계,55~59세,325347
합계,소계,남자,계,60~64세,317681
합계,소계,남자,계,65~69세,341739
합계,소계,남자,계,70~74세,296133
합계,소계,남자,계,75~79세,268925
합계,소계,남자,계,80~84세,172055
합계,소계,남자,계,85~89세,83553
합계,소계,남자,계,90~94세,32556
합계,소계,남자,계,95세 이상+,9396
합계,소계,여자,계,소계,4624428
합계,소계,여자,계,0~4세,135047
합계,소계,여자,계,5~9세,127871
합계,소계,여자,계,10~14세,109168
합계,소계,여자,계,15~19세,105182
합계,소계,여자,계,20~24세,192956
합계,소계,여자,계,25~29세,272110
합계,소계,여자,계,30~34세,270981
합계,소계,여자,계,35~39세,318571
합계,소계,여자,계,40~44세,339517
합계,소계,여자,계,45~49세,304241
합계,소계,여자,계,50~54세,302218
합계,소계,여자,계,55~59세,339496
합계,소계,여자,계,60~64세,337980
합계,소계,여자,계,65~69세,373853
합계,소계,여자,계,70~74세,334380
합계,소계,여자,계,75~79세,328215
합계,소계,여자,계,80~84세,228871
합계,소계,여자,계,85~89세,124052
합계,소계,여자,계,90~94세,57629
합계,소계,여자,계,95세 이상+,22090
합계,종로구,계,계,소계,135899
합계,종로구,계,계,0~4세,3381
합계,종로구,계,계,5~9세,3446
합계,종로구,계,계,10~14세,3133
합계,종로구,계,계,15~19세,3295
합계,종로구,계,계,20~24세,6780
합계,종로구,계,계,25~29세,8602
합계,종로구,계,계,30~34세,7521
합계,종로구,계,계,35~39세,8546
합계,종로구,계,계,40~44세,9600
합계,종로구,계,계,45~49세,8902
합계,종로구,계,계,50~54세,9160
합계,종로구,계,계,55~59세,10405
합계,종로구,계,계,60~64세,10354
합계,종로구,계,계,65~69세,11142
합계,종로구,계,계,70~74세,9763
합계,종로구,계,계,75~79세,9483
합계,종로구,계,계,80~84세,6555
합계,종로구,계,계,85~89세,3536
합계,종로구,계,계,90~94세,1660
합계,종로구,계,계,95세 이상+,635
합계,종로구,남자,계,소계,64821
합계,종로구,남자,계,0~4세,1718
합계,종로구,남자,계,5~9세,1730
합계,종로구,남자,계,10~14세,1575
합계,종로구,남자,계,15~19세,1639
합계,종로구,남자,계,20~24세,3095
합계,종로구,남자,계,25~29세,4077
합계,종로구,남자,계,30~34세,3592
합계,종로구,남자,계,35~39세,4046
합계,종로구,남자,계,40~44세,4592
합계,종로구,남자,계,45~49세,4403
합계,종로구,남자,계,50~54세,4521
합계,종로구,남자,계,55~59세,5181
합계,종로구,남자,계,60~64세,5172
합계,종로구,남자,계,65~69세,5487
합계,종로구,남자,계,70~74세,4661
합계,종로구,남자,계,75~79세,4361
합계,종로구,남자,계,80~84세,2808
합계,종로구,남자,계,85~89세,1416
합계,종로구,남자,계,90~94세,572
합계,종로구,남자,계,95세 이상+,175
합계,종로구,여자,계,소계,71078
합계,종로구,여자,계,0~4세,1663
합계,종로구,여자,계,5~9세,1716
합계,종로구,여자,계,10~14세,1558
합계,종로구,여자,계,15~19세,1656
합계,종로구,여자,계,20~24세,3685
합계,종로구,여자,계,25~29세,4525
합계,종로구,여자,계,30~34세,3929
합계,종로구,여자,계,35~39세,4500
합계,종로구,여자,계,40~44세,5008
합계,종로구,여자,계,45~49세,4499
합계,종로구,여자,계,50~54세,4639
합계,종로구,여자,계,55~59세,5224
합계,종로구,여자,계,60~64세,5182
합계,종로구,여자,계,65~69세,5655
합계,종로구,여자,계,70~74세,5102
합계,종로구,여자,계,75~79세,5122
합계,종로구,여자,계,80~84세,3747
합계,종로구,여자,계,85~89세,2120
합계,종로구,여자,계,90~94세,1088
합계,종로구,여자,계,95세 이상+,460
합계,중구,계,계,소계,116213
합계,중구,계,계,0~4세,3505
합계,중구,계,계,5~9세,2868
합계,중구,계,계,10~14세,2028
합계,중구,계,계,15~19세,2000
합계,중구,계,계,20~24세,4487
합계,중구,계,계,25~29세,6771
합계,중구,계,계,30~34세,7257
합계,중구,계,계,35~39세,8508
합계,중구,계,계,40~44세,8665
합계,중구,계,계,45~49세,7436
합계,중구,계,계,50~54세,7767
합계,중구,계,계,55~59세,8955
합계,중구,계,계,60~64세,9006
합계,중구,계,계,65~69세,9868
합계,중구,계,계,70~74세,8560
합계,중구,계,계,75~79세,8146
합계,중구,계,계,80~84세,5605
합계,중구,계,계,85~89세,2986
합계,중구,계,계,90~94세,1314
합계,중구,계,계,95세 이상+,481
합계,중구,남자,계,소계,55470
합계,중구,남자,계,0~4세,1778
합계,중구,남자,계,5~9세,1444
합계,중구,남자,계,10~14세,1017
합계,중구,남자,계,15~19세,997
합계,중구,남자,계,20~24세,2034
합계,중구,남자,계,25~29세,3109
합계,중구,남자,계,30~34세,3433
합계,중구,남자,계,35~39세,4164
합계,중구,남자,계,40~44세,4404
합계,중구,남자,계,45~49세,3760
합계,중구,남자,계,50~54세,3824
합계,중구,남자,계,55~59세,4469
합계,중구,남자,계,60~64세,4508
합계,중구,남자,계,65~69세,4879
합계,중구,남자,계,70~74세,4121
합계,중구,남자,계,75~79세,3612
합계,중구,남자,계,80~84세,2304
합계,중구,남자,계,85~89세,1092
합계,중구,남자,계,90~94세,406
합계,중구,남자,계,95세 이상+,115
합계,중구,여자,계,소계,60743
합계,중구,여자,계,0~4세,1727
합계,중구,여자,계,5~9세,1424
합계,중구,여자,계,10~14세,1011
합계,중구,여자,계,15~19세,1003
합계,중구,여자,계,20~24세,2453
합계,중구,여자,계,25~29세,3662
합계,중구,여자,계,30~34세,3824
합계,중구,여자,계,35~39세,4344
합계,중구,여자,계,40~44세,4261
합계,중구,여자,계,45~49세,3676
합계,중구,여자,계,50~54세,3943
합계,중구,여자,계,55~59세,4486
합계,중구,여자,계,60~64세,4498
합계,중구,여자,계,65~69세,4989
합계,중구,여자,계,70~74세,4439
합계,중구,여자,계,75~79세,4534
합계,중구,여자,계,80~84세,3301
합계,중구,여자,계,85~89세,1894
합계,중구,여자,계,90~94세,908
합계,중구,여자,계,95세 이상+,366
합계,용산구,계,계,소계,201642
합계,용산구,계,계,0~4세,6452
합계,용산구,계,계,5~9세,5508
합계,용산구,계,계,10~14세,4391
합계,용산구,계,계,15~19세,4219
합계,용산구,계,계,20~24세,7827
합계,용산구,계,계,25~29세,11888
합계,용산구,계,계,30~34세,13138
합계,용산구,계,계,35~39세,15628
합계,용산구,계,계,40~44세,16073
합계,용산구,계,계,45~49세,14115
합계,용산구,계,계,50~54세,13942
합계,용산구,계,계,55~59세,15372
합계,용산구,계,계,60~64세,14949
합계,용산구,계,계,65~69세,15923
합계,용산구,계,계,70~74세,13326
합계,용산구,계,계,75~79세,12556
합계,용산구,계,계,80~84세,8580
합계,용산구,계,계,85~89세,4673
합계,용산구,계,계,90~94세,2222
합계,용산구,계,계,95세 이상+,860
합계,용산구,남자,계,소계,96692
합계,용산구,남자,계,0~4세,3352
합계,용산구,남자,계,5~9세,2884
합계,용산구,남자,계,10~14세,2293
합계,용산구,남자,계,15~19세,2193
합계,용산구,남자,계,20~24세,3556
합계,용산구,남자,계,25~29세,5367
합계,용산구,남자,계,30~34세,6275
합계,용산구,남자,계,35~39세,7630
합계,용산구,남자,계,40~44세,8059
합계,용산구,남자,계,45~49세,7081
합계,용산구,남자,계,50~54세,6873
합계,용산구,남자,계,55~59세,7606
합계,용산구,남자,계,60~64세,7390
합계,용산구,남자,계,65~69세,7784
합계,용산구,남자,계,70~74세,6378
합계,용산구,남자,계,75~79세,5652
합계,용산구,남자,계,80~84세,3578
합계,용산구,남자,계,85~89세,1756
합계,용산구,남자,계,90~94세,743
합계,용산구,남자,계,95세 이상+,242
합계,용산구,여자,계,소계,104950
합계,용산구,여자,계,0~4세,3100
합계,용산구,여자,계,5~9세,2624
합계,용산구,여자,계,10~14세,2098
합계,용산구,여자,계,15~19세,2026
합계,용산구,여자,계,20~24세,4271
합계,용산구,여자,계,25~29세,6521
합계,용산구,여자,계,30~34세,6863
합계,용산구,여자,계,35~39세,7998
합계,용산구,여자,계,40~44세,8014
합계,용산구,여자,계,45~49세,7034
합계,용산구,여자,계,50~54세,7069
합계,용산구,여자,계,55~59세,7766
합계,용산구,여자,계,60~64세,7559
합계,용산구,여자,계,65~69세,8139
합계,용산구,여자,계,70~74세,6948
합계,용산구,여자,계,75~79세,6904
합계,용산구,여자,계,80~84세,5002
합계,용산구,여자,계,85~89세,2917
합계,용산구,여자,계,90~94세,1479
합계,용산구,여자,계,95세 이상+,618
합계,성동구,계,계,소계,292253
합계,성동구,계,계,0~4세,10448
합계,성동구,계,계,5~9세,8948
합계,성동구,계,계,10~14세,6648
합계,성동구,계,계,15~19세,6221
합계,성동구,계,계,20~24세,12301
합계,성동구,계,계,25~29세,16946
합계,성동구,계,계,30~34세,17780
합계,성동구,계,계,35~39세,22202
합계,성동구,계,계,40~44세,23142
합계,성동구,계,계,45~49세,20034
합계,성동구,계,계,50~54세,20351
합계,성동구,계,계,55~59세,22613
합계,성동구,계,계,60~64세,21694
합계,성동구,계,계,65~69세,23050
합계,성동구,계,계,70~74세,19812
합계,성동구,계,계,75~79세,18502
합계,성동구,계,계,80~84세,12174
합계,성동구,계,계,85~89세,6008
합계,성동구,계,계,90~94세,2521
합계,성동구,계,계,95세 이상+,858
합계,성동구,남자,계,소계,139283
합계,성동구,남자,계,0~4세,5326
합계,성동구,남자,계,5~9세,4538
합계,성동구,남자,계,10~14세,3339
합계,성동구,남자,계,15~19세,3036
합계,성동구,남자,계,20~24세,5825
합계,성동구,남자,계,25~29세,7957
합계,성동구,남자,계,30~34세,8288
합계,성동구,남자,계,35~39세,10744
합계,성동구,남자,계,40~44세,11605
합계,성동구,남자,계,45~49세,9945
합계,성동구,남자,계,50~54세,9888
합계,성동구,남자,계,55~59세,11119
합계,성동구,남자,계,60~64세,10686
합계,성동구,남자,계,65~69세,11039
합계,성동구,남자,계,70~74세,9245
합계,성동구,남자,계,75~79세,8272
합계,성동구,남자,계,80~84세,5050
합계,성동구,남자,계,85~89세,2289
합계,성동구,남자,계,90~94세,855
합계,성동구,남자,계,95세 이상+,237
합계,성동구,여자,계,소계,152970
합계,성동구,여자,계,0~4세,5122
합계,성동구,여자,계,5~9세,4410
합계,성동구,여자,계,10~14세,3309
합계,성동구,여자,계,15~19세,3185
합계,성동구,여자,계,20~24세,6476
합계,성동구,여자,계,25~29세,8989
합계,성동구,여자,계,30~34세,9492
합계,성동구,여자,계,35~39세,11458
합계,성동구,여자,계,40~44세,11537
합계,성동구,여자,계,45~49세,10089
합계,성동구,여자,계,50~54세,10463
합계,성동구,여자,계,55~59세,11494
합계,성동구,여자,계,60~64세,11008
합계,성동구,여자,계,65~69세,12011
합계,성동구,여자,계,70~74세,10567
합계,성동구,여자,계,75~79세,10230
합계,성동구,여자,계,80~84세,7124
합계,성동구,여자,계,85~89세,3719
합계,성동구,여자,계,90~94세,1666
합계,성동구,여자,계,95세 이상+,621
합계,광진구,계,계,소계,321177
합계,광진구,계,계,0~4세,9647
합계,광진구,계,계,5~9세,8875
합계,광진구,계,계,10~14세,7757
합계,광진구,계,계,15~19세,7438
합계,광진구,계,계,20~24세,14758
합계,광진구,계,계,25~29세,22410
합계,광진구,계,계,30~34세,21559
합계,광진구,계,계,35~39세,23566
합계,광진구,계,계,40~44세,24993
합계,광진구,계,계,45~49세,22133
합계,광진구,계,계,50~54세,21565
합계,광진구,계,계,55~59세,23558
합계,광진구,계,계,60~64세,22725
합계,광진구,계,계,65~69세,24395
합계,광진구,계,계,70~74세,21307
합계,광진구,계,계,75~79세,20160
합계,광진구,계,계,80~84세,13483
합계,광진구,계,계,85~89세,6822
합계,광진구,계,계,90~94세,2981
합계,광진구,계,계,95세 이상+,1045
합계,광진구,남자,계,소계,152622
합계,광진구,남자,계,0~4세,4992
합계,광진구,남자,계,5~9세,4604
합계,광진구,남자,계,10~14세,4044
합계,광진구,남자,계,15~19세,3772
합계,광진구,남자,계,20~24세,6644
합계,광진구,남자,계,25~29세,10069
합계,광진구,남자,계,30~34세,10109
합계,광진구,남자,계,35~39세,11413
합계,광진구,남자,계,40~44세,12353
합계,광진구,남자,계,45~49세,10927
합계,광진구,남자,계,50~54세,10484
합계,광진구,남자,계,55~59세,11411
합계,광진구,남자,계,60~64세,10988
합계,광진구,남자,계,65~69세,11615
합계,광진구,남자,계,70~74세,10034
합계,광진구,남자,계,75~79세,9065
합계,광진구,남자,계,80~84세,5824
합계,광진구,남자,계,85~89세,2824
합계,광진구,남자,계,90~94세,1126
합계,광진구,남자,계,95세 이상+,324
합계,광진구,여자,계,소계,168555
합계,광진구,여자,계,0~4세,4655
합계,광진구,여자,계,5~9세,4271
합계,광진구,여자,계,10~14세,3713
합계,광진구,여자,계,15~19세,3666
합계,광진구,여자,계,20~24세,8114
합계,광진구,여자,계,25~29세,12341
합계,광진구,여자,계,30~34세,11450
합계,광진구,여자,계,35~39세,12153
합계,광진구,여자,계,40~44세,12640
합계,광진구,여자,계,45~49세,11206
합계,광진구,여자,계,50~54세,11081
합계,광진구,여자,계,55~59세,12147
합계,광진구,여자,계,60~64세,11737
합계,광진구,여자,계,65~69세,12780
합계,광진구,여자,계,70~74세,11273
합계,광진구,여자,계,75~79세,11095
합계,광진구,여자,계,80~84세,7659
합계,광진구,여자,계,85~89세,3998
합계,광진구,여자,계,90~94세,1855
합계,광진구,여자,계,95세 이상+,721
합계,동대문구,계,계,소계,316240
합계,동대문구,계,계,0~4세,9520
합계,동대문구,계,계,5~9세,8750
합계,동대문구,계,계,10~14세,6870
합계,동대문구,계,계,15~19세,6789
합계,동대문구,계,계,20~24세,15066
합계,동대문구,계,계,25~29세,19806
합계,동대문구,계,계,30~34세,17973
합계,동대문구,계,계,35~39세,21520
합계,동대문구,계,계,40~44세,23449
합계,동대문구,계,계,45~49세,20412
합계,동대문구,계,계,50~54세,20587
합계,동대문구,계,계,55~59세,23461
합계,동대문구,계,계,60~64세,23542
합계,동대문구,계,계,65~69세,26117
합계,동대문구,계,계,70~74세,23327
합계,동대문구,계,계,75~79세,22468
합계,동대문구,계,계,80~84세,14891
합계,동대문구,계,계,85~89세,7490
합계,동대문구,계,계,90~94세,3139
합계,동대문구,계,계,95세 이상+,1063
합계,동대문구,남자,계,소계,154134
합계,동대문구,남자,계,0~4세,4941
합계,동대문구,남자,계,5~9세,4524
합계,동대문구,남자,계,10~14세,3540
합계,동대문구,남자,계,15~19세,3385
합계,동대문구,남자,계,20~24세,6873
합계,동대문구,남자,계,25~29세,9630
합계,동대문구,남자,계,30~34세,8811
합계,동대문구,남자,계,35~39세,10787
합계,동대문구,남자,계,40~44세,12099
합계,동대문구,남자,계,45~49세,10542
합계,동대문구,남자,계,50~54세,10351
합계,동대문구,남자,계,55~59세,11793
합계,동대문구,남자,계,60~64세,11663
합계,동대문구,남자,계,65~69세,12851
합계,동대문구,남자,계,70~74세,11225
합계,동대문구,남자,계,75~79세,10263
합계,동대문구,남자,계,80~84세,6495
합계,동대문구,남자,계,85~89세,2980
합계,동대문구,남자,계,90~94세,1084
합계,동대문구,남자,계,95세 이상+,297
합계,동대문구,여자,계,소계,162106
합계,동대문구,여자,계,0~4세,4579
합계,동대문구,여자,계,5~9세,4226
합계,동대문구,여자,계,10~14세,3330
합계,동대문구,여자,계,15~19세,3404
합계,동대문구,여자,계,20~24세,8193
합계,동대문구,여자,계,25~29세,10176
합계,동대문구,여자,계,30~34세,9162
합계,동대문구,여자,계,35~39세,10733
합계,동대문구,여자,계,40~44세,11350
합계,동대문구,여자,계,45~49세,9870
합계,동대문구,여자,계,50~54세,10236
합계,동대문구,여자,계,55~59세,11668
합계,동대문구,여자,계,60~64세,11879
합계,동대문구,여자,계,65~69세,13266
합계,동대문구,여자,계,70~74세,12102
합계,동대문구,여자,계,75~79세,12205
합계,동대문구,여자,계,80~84세,8396
합계,동대문구,여자,계,85~89세,4510
합계,동대문구,여자,계,90~94세,2055
합계,동대문구,여자,계,95세 이상+,766
합계,중랑구,계,계,소계,361832
합계,중랑구,계,계,0~4세,10386
합계,중랑구,계,계,5~9세,9269
합계,중랑구,계,계,10~14세,7406
합계,중랑구,계,계,15~19세,7049
합계,중랑구,계,계,20~24세,12359
합계,중랑구,계,계,25~29세,17603
합계,중랑구,계,계,30~34세,19363
합계,중랑구,계,계,35~39세,23869
합계,중랑구,계,계,40~44세,25536
합계,중랑구,계,계,45~49세,23183
합계,중랑구,계,계,50~54세,24422
합계,중랑구,계,계,55~59세,28960
합계,중랑구,계,계,60~64세,29453
합계,중랑구,계,계,65~69세,33254
합계,중랑구,계,계,70~74세,29947
합계,중랑구,계,계,75~79세,28415
합계,중랑구,계,계,80~84세,18115
합계,중랑구,계,계,85~89세,8739
합계,중랑구,계,계,90~94세,3418
합계,중랑구,계,계,95세 이상+,1086
합계,중랑구,남자,계,소계,175898
합계,중랑구,남자,계,0~4세,5335
합계,중랑구,남자,계,5~9세,4768
합계,중랑구,남자,계,10~14세,3807
합계,중랑구,남자,계,15~19세,3607
합계,중랑구,남자,계,20~24세,6077
합계,중랑구,남자,계,25~29세,8285
합계,중랑구,남자,계,30~34세,9406
합계,중랑구,남자,계,35~39세,12167
합계,중랑구,남자,계,40~44세,13315
합계,중랑구,남자,계,45~49세,11925
합계,중랑구,남자,계,50~54세,12256
합계,중랑구,남자,계,55~59세,14439
합계,중랑구,남자,계,60~64세,14563
합계,중랑구,남자,계,65~69세,16093
합계,중랑구,남자,계,70~74세,14163
합계,중랑구,남자,계,75~79세,12994
합계,중랑구,남자,계,80~84세,7862
합계,중랑구,남자,계,85~89세,3430
합계,중랑구,남자,계,90~94세,1126
합계,중랑구,남자,계,95세 이상+,280
합계,중랑구,여자,계,소계,185934
합계,중랑구,여자,계,0~4세,5051
합계,중랑구,여자,계,5~9세,4501
합계,중랑구,여자,계,10~14세,3599
합계,중랑구,여자,계,15~19세,3442
합계,중랑구,여자,계,20~24세,6282
합계,중랑구,여자,계,25~29세,9318
합계,중랑구,여자,계,30~34세,9957
합계,중랑구,여자,계,35~39세,11702
합계,중랑구,여자,계,40~44세,12221
합계,중랑구,여자,계,45~49세,11258
합계,중랑구,여자,계,50~54세,12166
합계,중랑구,여자,계,55~59세,14521
합계,중랑구,여자,계,60~64세,14890
합계,중랑구,여자,계,65~69세,17161
합계,중랑구,여자,계,70~74세,15784
합계,중랑구,여자,계,75~79세,15421
합계,중랑구,여자,계,80~84세,10253
합계,중랑구,여자,계,85~89세,5309
합계,중랑구,여자,계,90~94세,2292
합계,중랑구,여자,계,95세 이상+,806
합계,성북구,계,계,소계,371809
합계,성북구,계,계,0~4세,11894
합계,성북구,계,계,5~9세,11774
합계,성북구,계,계,10~14세,9652
합계,성북구,계,계,15~19세,9292
합계,성북구,계,계,20~24세,18281
합계,성북구,계,계,25~29세,22300
합계,성북구,계,계,30~34세,20158
합계,성북구,계,계,35~39세,24632
합계,성북구,계,계,40~44세,28133
합계,성북구,계,계,45~49세,25037
합계,성북구,계,계,50~54세,24761
합계,성북구,계,계,55~59세,27646
합계,성북구,계,계,60~64세,27315
합계,성북구,계,계,65~69세,29584
합계,성북구,계,계,70~74세,25419
합계,성북구,계,계,75~79세,24358
합계,성북구,계,계,80~84세,16809
합계,성북구,계,계,85~89세,9145
합계,성북구,계,계,90~94세,4147
합계,성북구,계,계,95세 이상+,1472
합계,성북구,남자,계,소계,175413
합계,성북구,남자,계,0~4세,6133
합계,성북구,남자,계,5~9세,6076
합계,성북구,남자,계,10~14세,4964
합계,성북구,남자,계,15~19세,4653
합계,성북구,남자,계,20~24세,8116
합계,성북구,남자,계,25~29세,10409
합계,성북구,남자,계,30~34세,9604
합계,성북구,남자,계,35~39세,11895
합계,성북구,남자,계,40~44세,13894
합계,성북구,남자,계,45~49세,12441
합계,성북구,남자,계,50~54세,12090
합계,성북구,남자,계,55~59세,13405
합계,성북구,남자,계,60~64세,13087
합계,성북구,남자,계,65~69세,14027
합계,성북구,남자,계,70~74세,11720
합계,성북구,남자,계,75~79세,10606
합계,성북구,남자,계,80~84세,6859
합계,성북구,남자,계,85~89세,3504
합계,성북구,남자,계,90~94세,1474
합계,성북구,남자,계,95세 이상+,456
합계,성북구,여자,계,소계,196396
합계,성북구,여자,계,0~4세,5761
합계,성북구,여자,계,5~9세,5698
합계,성북구,여자,계,10~14세,4688
합계,성북구,여자,계,15~19세,4639
합계,성북구,여자,계,20~24세,10165
합계,성북구,여자,계,25~29세,11891
합계,성북구,여자,계,30~34세,10554
합계,성북구,여자,계,35~39세,12737
합계,성북구,여자,계,40~44세,14239
합계,성북구,여자,계,45~49세,12596
합계,성북구,여자,계,50~54세,12671
합계,성북구,여자,계,55~59세,14241
합계,성북구,여자,계,60~64세,14228
합계,성북구,여자,계,65~69세,15557
합계,성북구,여자,계,70~74세,13699
합계,성북구,여자,계,75~79세,13752
합계,성북구,여자,계,80~84세,9950
합계,성북구,여자,계,85~89세,5641
합계,성북구,여자,계,90~94세,2673
합계,성북구,여자,계,95세 이상+,1016
합계,강북구,계,계,소계,274787
합계,강북구,계,계,0~4세,6969
합계,강북구,계,계,5~9세,6355
합계,강북구,계,계,10~14세,5296
합계,강북구,계,계,15~19세,5239
합계,강북구,계,계,20~24세,9860
합계,강북구,계,계,25~29세,13377
합계,강북구,계,계,30~34세,13318
합계,강북구,계,계,35~39세,16278
합계,강북구,계,계,40~44세,18042
합계,강북구,계,계,45~49세,16658
합계,강북구,계,계,50~54세,17618
합계,강북구,계,계,55~59세,21483
합계,강북구,계,계,60~64세,22830
합계,강북구,계,계,65~69세,26234
합계,강북구,계,계,70~74세,23699
합계,강북구,계,계,75~79세,23384
합계,강북구,계,계,80~84세,15611
합계,강북구,계,계,85~89세,8041
합계,강북구,계,계,90~94세,3369
합계,강북구,계,계,95세 이상+,1126
합계,강북구,남자,계,소계,131201
합계,강북구,남자,계,0~4세,3563
합계,강북구,남자,계,5~9세,3264
합계,강북구,남자,계,10~14세,2732
합계,강북구,남자,계,15~19세,2651
합계,강북구,남자,계,20~24세,4482
합계,강북구,남자,계,25~29세,6181
합계,강북구,남자,계,30~34세,6582
합계,강북구,남자,계,35~39세,8315
합계,강북구,남자,계,40~44세,9425
합계,강북구,남자,계,45~49세,8657
합계,강북구,남자,계,50~54세,8853
합계,강북구,남자,계,55~59세,10595
합계,강북구,남자,계,60~64세,11067
합계,강북구,남자,계,65~69세,12448
합계,강북구,남자,계,70~74세,10975
합계,강북구,남자,계,75~79세,10298
합계,강북구,남자,계,80~84세,6567
합계,강북구,남자,계,85~89세,3096
합계,강북구,남자,계,90~94세,1138
합계,강북구,남자,계,95세 이상+,312
합계,강북구,여자,계,소계,143586
합계,강북구,여자,계,0~4세,3406
합계,강북구,여자,계,5~9세,3091
합계,강북구,여자,계,10~14세,2564
합계,강북구,여자,계,15~19세,2588
합계,강북구,여자,계,20~24세,5378
합계,강북구,여자,계,25~29세,7196
합계,강북구,여자,계,30~34세,6736
합계,강북구,여자,계,35~39세,7963
합계,강북구,여자,계,40~44세,8617
합계,강북구,여자,계,45~49세,8001
합계,강북구,여자,계,50~54세,8765
합계,강북구,여자,계,55~59세,10888
합계,강북구,여자,계,60~64세,11763
합계,강북구,여자,계,65~69세,13786
합계,강북구,여자,계,70~74세,12724
합계,강북구,여자,계,75~79세,13086
합계,강북구,여자,계,80~84세,9044
합계,강북구,여자,계,85~89세,4945
합계,강북구,여자,계,90~94세,2231
합계,강북구,여자,계,95세 이상+,814
합계,도봉구,계,계,소계,297513
합계,도봉구,계,계,0~4세,8022
합계,도봉구,계,계,5~9세,7763
합계,도봉구,계,계,10~14세,6488
합계,도봉구,계,계,15~19세,6183
합계,도봉구,계,계,20~24세,10066
합계,도봉구,계,계,25~29세,12741
합계,도봉구,계,계,30~34세,13184
합계,도봉구,계,계,35~39세,17104
합계,도봉구,계,계,40~44세,19485
합계,도봉구,계,계,45~49세,18133
합계,도봉구,계,계,50~54세,19030
합계,도봉구,계,계,55~59세,22912
합계,도봉구,계,계,60~64세,24189
합계,도봉구,계,계,65~69세,28167
합계,도봉구,계,계,70~74세,25716
합계,도봉구,계,계,75~79세,25703
합계,도봉구,계,계,80~84세,17758
합계,도봉구,계,계,85~89세,9362
합계,도봉구,계,계,90~94세,4077
합계,도봉구,계,계,95세 이상+,1430
합계,도봉구,남자,계,소계,142342
합계,도봉구,남자,계,0~4세,4171
합계,도봉구,남자,계,5~9세,4000
합계,도봉구,남자,계,10~14세,3335
합계,도봉구,남자,계,15~19세,3178
합계,도봉구,남자,계,20~24세,4957
합계,도봉구,남자,계,25~29세,6089
합계,도봉구,남자,계,30~34세,6458
합계,도봉구,남자,계,35~39세,8466
합계,도봉구,남자,계,40~44세,9958
합계,도봉구,남자,계,45~49세,9182
합계,도봉구,남자,계,50~54세,9419
합계,도봉구,남자,계,55~59세,11133
합계,도봉구,남자,계,60~64세,11681
합계,도봉구,남자,계,65~69세,13410
합계,도봉구,남자,계,70~74세,12087
합계,도봉구,남자,계,75~79세,11545
합계,도봉구,남자,계,80~84세,7740
합계,도봉구,남자,계,85~89세,3772
합계,도봉구,남자,계,90~94세,1380
합계,도봉구,남자,계,95세 이상+,381
합계,도봉구,여자,계,소계,155171
합계,도봉구,여자,계,0~4세,3851
합계,도봉구,여자,계,5~9세,3763
합계,도봉구,여자,계,10~14세,3153
합계,도봉구,여자,계,15~19세,3005
합계,도봉구,여자,계,20~24세,5109
합계,도봉구,여자,계,25~29세,6652
합계,도봉구,여자,계,30~34세,6726
합계,도봉구,여자,계,35~39세,8638
합계,도봉구,여자,계,40~44세,9527
합계,도봉구,여자,계,45~49세,8951
합계,도봉구,여자,계,50~54세,9611
합계,도봉구,여자,계,55~59세,11779
합계,도봉구,여자,계,60~64세,12508
합계,도봉구,여자,계,65~69세,14757
합계,도봉구,여자,계,70~74세,13629
합계,도봉구,여자,계,75~79세,14158
합계,도봉구,여자,계,80~84세,10018
합계,도봉구,여자,계,85~89세,5590
합계,도봉구,여자,계,90~94세,2697
합계,도봉구,여자,계,95세 이상+,1049
합계,노원구,계,계,소계,455022
합계,노원구,계,계,0~4세,13349
합계,노원구,계,계,5~9세,13654
합계,노원구,계,계,10~14세,13189
합계,노원구,계,계,15~19세,13203
합계,노원구,계,계,20~24세,20315
합계,노원구,계,계,25~29세,21558
합계,노원구,계,계,30~34세,21306
합계,노원구,계,계,35~39세,27395
합계,노원구,계,계,40~44세,32917
합계,노원구,계,계,45~49세,31101
합계,노원구,계,계,50~54세,30077
합계,노원구,계,계,55~59세,33323
합계,노원구,계,계,60~64세,33932
합계,노원구,계,계,65~69세,38589
합계,노원구,계,계,70~74세,34765
합계,노원구,계,계,75~79세,34164
합계,노원구,계,계,80~84세,23411
합계,노원구,계,계,85~89세,12056
합계,노원구,계,계,90~94세,5016
합계,노원구,계,계,95세 이상+,1702
합계,노원구,남자,계,소계,215537
합계,노원구,남자,계,0~4세,6856
합계,노원구,남자,계,5~9세,7065
합계,노원구,남자,계,10~14세,6889
합계,노원구,남자,계,15~19세,6882
합계,노원구,남자,계,20~24세,10152
합계,노원구,남자,계,25~29세,10524
합계,노원구,남자,계,30~34세,10266
합계,노원구,남자,계,35~39세,13402
합계,노원구,남자,계,40~44세,16139
합계,노원구,남자,계,45~49세,15533
합계,노원구,남자,계,50~54세,14909
합계,노원구,남자,계,55~59세,16101
합계,노원구,남자,계,60~64세,15950
합계,노원구,남자,계,65~69세,17718
합계,노원구,남자,계,70~74세,15801
합계,노원구,남자,계,75~79세,14832
합계,노원구,남자,계,80~84세,9628
합계,노원구,남자,계,85~89세,4706
합계,노원구,남자,계,90~94세,1712
합계,노원구,남자,계,95세 이상+,472
합계,노원구,여자,계,소계,239485
합계,노원구,여자,계,0~4세,6493
합계,노원구,여자,계,5~9세,6589
합계,노원구,여자,계,10~14세,6300
합계,노원구,여자,계,15~19세,6321
합계,노원구,여자,계,20~24세,10163
합계,노원구,여자,계,25~29세,11034
합계,노원구,여자,계,30~34세,11040
합계,노원구,여자,계,35~39세,13993
합계,노원구,여자,계,40~44세,16778
합계,노원구,여자,계,45~49세,15568
합계,노원구,여자,계,50~54세,15168
합계,노원구,여자,계,55~59세,17222
합계,노원구,여자,계,60~64세,17982
합계,노원구,여자,계,65~69세,20871
합계,노원구,여자,계,70~74세,18964
합계,노원구,여자,계,75~79세,19332
합계,노원구,여자,계,80~84세,13783
합계,노원구,여자,계,85~89세,7350
합계,노원구,여자,계,90~94세,3304
합계,노원구,여자,계,95세 이상+,1230
합계,은평구,계,계,소계,443635
합계,은평구,계,계,0~4세,13477
합계,은평구,계,계,5~9세,12741
합계,은평구,계,계,10~14세,10725
합계,은평구,계,계,15~19세,10406
합계,은평구,계,계,20~24세,16328
합계,은평구,계,계,25~29세,21451
합계,은평구,계,계,30~34세,22907
합계,은평구,계,계,35~39세,29465
합계,은평구,계,계,40~44세,33000
합계,은평구,계,계,45~49세,30016
합계,은평구,계,계,50~54세,30293
합계,은평구,계,계,55~59세,34716
합계,은평구,계,계,60~64세,34963
합계,은평구,계,계,65~69세,38380
합계,은평구,계,계,70~74세,33887
합계,은평구,계,계,75~79세,32439
합계,은평구,계,계,80~84세,21473
합계,은평구,계,계,85~89세,10857
합계,은평구,계,계,90~94세,4553
합계,은평구,계,계,95세 이상+,1558
합계,은평구,남자,계,소계,208526
합계,은평구,남자,계,0~4세,6859
합계,은평구,남자,계,5~9세,6533
합계,은평구,남자,계,10~14세,5507
합계,은평구,남자,계,15~19세,5302
합계,은평구,남자,계,20~24세,7953
합계,은평구,남자,계,25~29세,9846
합계,은평구,남자,계,30~34세,10693
합계,은평구,남자,계,35~39세,14309
합계,은평구,남자,계,40~44세,16281
합계,은평구,남자,계,45~49세,14753
합계,은평구,남자,계,50~54세,14557
합계,은평구,남자,계,55~59세,16541
합계,은평구,남자,계,60~64세,16451
합계,은평구,남자,계,65~69세,17862
합계,은평구,남자,계,70~74세,15436
합계,은평구,남자,계,75~79세,14244
합계,은평구,남자,계,80~84세,9123
합계,은평구,남자,계,85~89세,4255
합계,은평구,남자,계,90~94세,1584
합계,은평구,남자,계,95세 이상+,437
합계,은평구,여자,계,소계,235109
합계,은평구,여자,계,0~4세,6618
합계,은평구,여자,계,5~9세,6208
합계,은평구,여자,계,10~14세,5218
합계,은평구,여자,계,15~19세,5104
합계,은평구,여자,계,20~24세,8375
합계,은평구,여자,계,25~29세,11605
합계,은평구,여자,계,30~34세,12214
합계,은평구,여자,계,35~39세,15156
합계,은평구,여자,계,40~44세,16719
합계,은평구,여자,계,45~49세,15263
합계,은평구,여자,계,50~54세,15736
합계,은평구,여자,계,55~59세,18175
합계,은평구,여자,계,60~64세,18512
합계,은평구,여자,계,65~69세,20518
합계,은평구,여자,계,70~74세,18451
합계,은평구,여자,계,75~79세,18195
합계,은평구,여자,계,80~84세,12350
합계,은평구,여자,계,85~89세,6602
합계,은평구,여자,계,90~94세,2969
합계,은평구,여자,계,95세 이상+,1121
합계,서대문구,계,계,소계,293461
합계,서대문구,계,계,0~4세,9074
합계,서대문구,계,계,5~9세,8939
합계,서대문구,계,계,10~14세,7615
합계,서대문구,계,계,15~19세,7298
합계,서대문구,계,계,20~24세,14229
합계,서대문구,계,계,25~29세,18346
합계,서대문구,계,계,30~34세,16274
합계,서대문구,계,계,35~39세,19215
합계,서대문구,계,계,40~44세,21750
합계,서대문구,계,계,45~49세,19674
합계,서대문구,계,계,50~54세,19682
합계,서대문구,계,계,55~59세,21963
합계,서대문구,계,계,60~64세,21476
합계,서대문구,계,계,65~69세,23084
합계,서대문구,계,계,70~74세,20147
합계,서대문구,계,계,75~79세,19519
합계,서대문구,계,계,80~84세,13420
합계,서대문구,계,계,85~89세,7183
합계,서대문구,계,계,90~94세,3347
합계,서대문구,계,계,95세 이상+,1226
합계,서대문구,남자,계,소계,136798
합계,서대문구,남자,계,0~4세,4764
합계,서대문구,남자,계,5~9세,4590
합계,서대문구,남자,계,10~14세,3853
합계,서대문구,남자,계,15~19세,3594
합계,서대문구,남자,계,20~24세,6232
합계,서대문구,남자,계,25~29세,8227
합계,서대문구,남자,계,30~34세,7556
합계,서대문구,남자,계,35~39세,9136
합계,서대문구,남자,계,40~44세,10516
합계,서대문구,남자,계,45~49세,9655
합계,서대문구,남자,계,50~54세,9457
합계,서대문구,남자,계,55~59세,10521
합계,서대문구,남자,계,60~64세,10233
합계,서대문구,남자,계,65~69세,10900
합계,서대문구,남자,계,70~74세,9238
합계,서대문구,남자,계,75~79세,8547
합계,서대문구,남자,계,80~84세,5568
합계,서대문구,남자,계,85~89세,2730
합계,서대문구,남자,계,90~94세,1135
합계,서대문구,남자,계,95세 이상+,346
합계,서대문구,여자,계,소계,156663
합계,서대문구,여자,계,0~4세,4310
합계,서대문구,여자,계,5~9세,4349
합계,서대문구,여자,계,10~14세,3762
합계,서대문구,여자,계,15~19세,3704
합계,서대문구,여자,계,20~24세,7997
합계,서대문구,여자,계,25~29세,10119
합계,서대문구,여자,계,30~34세,8718
합계,서대문구,여자,계,35~39세,10079
합계,서대문구,여자,계,40~44세,11234
합계,서대문구,여자,계,45~49세,10019
합계,서대문구,여자,계,50~54세,10225
합계,서대문구,여자,계,55~59세,11442
합계,서대문구,여자,계,60~64세,11243
합계,서대문구,여자,계,65~69세,12184
합계,서대문구,여자,계,70~74세,10909
합계,서대문구,여자,계,75~79세,10972
합계,서대문구,여자,계,80~84세,7852
합계,서대문구,여자,계,85~89세,4453
합계,서대문구,여자,계,90~94세,2212
합계,서대문구,여자,계,95세 이상+,880
합계,마포구,계,계,소계,340366
합계,마포구,계,계,0~4세,12535
합계,마포구,계,계,5~9세,11316
합계,마포구,계,계,10~14세,9027
합계,마포구,계,계,15~19세,8062
합계,마포구,계,계,20~24세,15452
합계,마포구,계,계,25~29세,23031
합계,마포구,계,계,30~34세,24116
합계,마포구,계,계,35~39세,28013
합계,마포구,계,계,40~44세,29056
합계,마포구,계,계,45~49세,24788
합계,마포구,계,계,50~54세,23227
합계,마포구,계,계,55~59세,24435
합계,마포구,계,계,60~64세,22622
합계,마포구,계,계,65~69세,23192
합계,마포구,계,계,70~74세,19512
합계,마포구,계,계,75~79세,18485
합계,마포구,계,계,80~84세,12569
합계,마포구,계,계,85~89세,6809
합계,마포구,계,계,90~94세,3039
합계,마포구,계,계,95세 이상+,1080
합계,마포구,남자,계,소계,157212
합계,마포구,남자,계,0~4세,6496
합계,마포구,남자,계,5~9세,5798
합계,마포구,남자,계,10~14세,4578
합계,마포구,남자,계,15~19세,4012
합계,마포구,남자,계,20~24세,6832
합계,마포구,남자,계,25~29세,9858
합계,마포구,남자,계,30~34세,10645
합계,마포구,남자,계,35~39세,12984
합계,마포구,남자,계,40~44세,13909
합계,마포구,남자,계,45~49세,11892
합계,마포구,남자,계,50~54세,11039
합계,마포구,남자,계,55~59세,11761
합계,마포구,남자,계,60~64세,10702
합계,마포구,남자,계,65~69세,10781
합계,마포구,남자,계,70~74세,8791
합계,마포구,남자,계,75~79세,7902
합계,마포구,남자,계,80~84세,5140
합계,마포구,남자,계,85~89세,2656
합계,마포구,남자,계,90~94세,1101
합계,마포구,남자,계,95세 이상+,335
합계,마포구,여자,계,소계,183154
합계,마포구,여자,계,0~4세,6039
합계,마포구,여자,계,5~9세,5518
합계,마포구,여자,계,10~14세,4449
합계,마포구,여자,계,15~19세,4050
합계,마포구,여자,계,20~24세,8620
합계,마포구,여자,계,25~29세,13173
합계,마포구,여자,계,30~34세,13471
합계,마포구,여자,계,35~39세,15029
합계,마포구,여자,계,40~44세,15147
합계,마포구,여자,계,45~49세,12896
합계,마포구,여자,계,50~54세,12188
합계,마포구,여자,계,55~59세,12674
합계,마포구,여자,계,60~64세,11920
합계,마포구,여자,계,65~69세,12411
합계,마포구,여자,계,70~74세,10721
합계,마포구,여자,계,75~79세,10583
합계,마포구,여자,계,80~84세,7429
합계,마포구,여자,계,85~89세,4153
합계,마포구,여자,계,90~94세,1938
합계,마포구,여자,계,95세 이상+,745
합계,양천구,계,계,소계,405650
합계,양천구,계,계,0~4세,11930
합계,양천구,계,계,5~9세,14212
합계,양천구,계,계,10~14세,14778
합계,양천구,계,계,15~19세,13669
합계,양천구,계,계,20~24세,16733
합계,양천구,계,계,25~29세,18004
합계,양천구,계,계,30~34세,18730
합계,양천구,계,계,35~39세,25434
합계,양천구,계,계,40~44세,32480
합계,양천구,계,계,45~49세,31693
합계,양천구,계,계,50~54세,29544
합계,양천구,계,계,55~59세,30803
합계,양천구,계,계,60~64세,29401
합계,양천구,계,계,65~69세,31930
합계,양천구,계,계,70~74세,28199
합계,양천구,계,계,75~79세,26354
합계,양천구,계,계,80~84세,17568
합계,양천구,계,계,85~89세,9162
합계,양천구,계,계,90~94세,3753
합계,양천구,계,계,95세 이상+,1273
합계,양천구,남자,계,소계,194983
합계,양천구,남자,계,0~4세,6081
합계,양천구,남자,계,5~9세,7288
합계,양천구,남자,계,10~14세,7665
합계,양천구,남자,계,15~19세,7065
합계,양천구,남자,계,20~24세,8423
합계,양천구,남자,계,25~29세,8601
합계,양천구,남자,계,30~34세,8907
합계,양천구,남자,계,35~39세,12027
합계,양천구,남자,계,40~44세,15596
합계,양천구,남자,계,45~49세,15791
합계,양천구,남자,계,50~54세,14831
합계,양천구,남자,계,55~59세,15185
합계,양천구,남자,계,60~64세,14213
합계,양천구,남자,계,65~69세,15211
합계,양천구,남자,계,70~74세,13228
합계,양천구,남자,계,75~79세,11929
합계,양천구,남자,계,80~84세,7508
합계,양천구,남자,계,85~89세,3674
합계,양천구,남자,계,90~94세,1379
합계,양천구,남자,계,95세 이상+,381
합계,양천구,여자,계,소계,210667
합계,양천구,여자,계,0~4세,5849
합계,양천구,여자,계,5~9세,6924
합계,양천구,여자,계,10~14세,7113
합계,양천구,여자,계,15~19세,6604
합계,양천구,여자,계,20~24세,8310
합계,양천구,여자,계,25~29세,9403
합계,양천구,여자,계,30~34세,9823
합계,양천구,여자,계,35~39세,13407
합계,양천구,여자,계,40~44세,16884
합계,양천구,여자,계,45~49세,15902
합계,양천구,여자,계,50~54세,14713
합계,양천구,여자,계,55~59세,15618
합계,양천구,여자,계,60~64세,15188
합계,양천구,여자,계,65~69세,16719
합계,양천구,여자,계,70~74세,14971
합계,양천구,여자,계,75~79세,14425
합계,양천구,여자,계,80~84세,10060
합계,양천구,여자,계,85~89세,5488
합계,양천구,여자,계,90~94세,2374
합계,양천구,여자,계,95세 이상+,892
합계,강서구,계,계,소계,603659
합계,강서구,계,계,0~4세,21921
합계,강서구,계,계,5~9세,19709
합계,강서구,계,계,10~14세,15862
합계,강서구,계,계,15~19세,14216
합계,강서구,계,계,20~24세,21838
합계,강서구,계,계,25~29세,32231
합계,강서구,계,계,30~34세,37294
합계,강서구,계,계,35~39세,46415
합계,강서구,계,계,40~44세,48382
합계,강서구,계,계,45~49세,41946
합계,강서구,계,계,50~54세,39790
합계,강서구,계,계,55~59세,44412
합계,강서구,계,계,60~64세,44004
합계,강서구,계,계,65~69세,47309
합계,강서구,계,계,70~74세,41935
합계,강서구,계,계,75~79세,39725
합계,강서구,계,계,80~84세,26151
합계,강서구,계,계,85~89세,13205
합계,강서구,계,계,90~94세,5502
합계,강서구,계,계,95세 이상+,1812
합계,강서구,남자,계,소계,287481
합계,강서구,남자,계,0~4세,11289
합계,강서구,남자,계,5~9세,10153
합계,강서구,남자,계,10~14세,8155
합계,강서구,남자,계,15~19세,7199
합계,강서구,남자,계,20~24세,10302
합계,강서구,남자,계,25~29세,14132
합계,강서구,남자,계,30~34세,17544
합계,강서구,남자,계,35~39세,22883
합계,강서구,남자,계,40~44세,24480
합계,강서구,남자,계,45~49세,21084
합계,강서구,남자,계,50~54세,19544
합계,강서구,남자,계,55~59세,21356
합계,강서구,남자,계,60~64세,20892
합계,강서구,남자,계,65~69세,22242
합계,강서구,남자,계,70~74세,19549
합계,강서구,남자,계,75~79세,17808
합계,강서구,남자,계,80~84세,11037
합계,강서구,남자,계,85~89세,5285
합계,강서구,남자,계,90~94세,2010
합계,강서구,남자,계,95세 이상+,537
합계,강서구,여자,계,소계,316178
합계,강서구,여자,계,0~4세,10632
합계,강서구,여자,계,5~9세,9556
합계,강서구,여자,계,10~14세,7707
합계,강서구,여자,계,15~19세,7017
합계,강서구,여자,계,20~24세,11536
합계,강서구,여자,계,25~29세,18099
합계,강서구,여자,계,30~34세,19750
합계,강서구,여자,계,35~39세,23532
합계,강서구,여자,계,40~44세,23902
합계,강서구,여자,계,45~49세,20862
합계,강서구,여자,계,50~54세,20246
합계,강서구,여자,계,55~59세,23056
합계,강서구,여자,계,60~64세,23112
합계,강서구,여자,계,65~69세,25067
합계,강서구,여자,계,70~74세,22386
합계,강서구,여자,계,75~79세,21917
합계,강서구,여자,계,80~84세,15114
합계,강서구,여자,계,85~89세,7920
합계,강서구,여자,계,90~94세,3492
합계,강서구,여자,계,95세 이상+,1275
합계,구로구,계,계,소계,393939
합계,구로구,계,계,0~4세,13058
합계,구로구,계,계,5~9세,11005
합계,구로구,계,계,10~14세,8362
합계,구로구,계,계,15~19세,7914
합계,구로구,계,계,20~24세,13561
합계,구로구,계,계,25~29세,19688
합계,구로구,계,계,30~34세,21821
합계,구로구,계,계,35~39세,26867
합계,구로구,계,계,40~44세,27484
합계,구로구,계,계,45~49세,24599
합계,구로구,계,계,50~54세,25600
합계,구로구,계,계,55~59세,30291
합계,구로구,계,계,60~64세,31359
합계,구로구,계,계,65~69세,34691
합계,구로구,계,계,70~74세,31624
합계,구로구,계,계,75~79세,29941
합계,구로구,계,계,80~84세,20568
합계,구로구,계,계,85~89세,10175
합계,구로구,계,계,90~94세,4017
합계,구로구,계,계,95세 이상+,1314
합계,구로구,남자,계,소계,192055
합계,구로구,남자,계,0~4세,6712
합계,구로구,남자,계,5~9세,5607
합계,구로구,남자,계,10~14세,4263
합계,구로구,남자,계,15~19세,4038
합계,구로구,남자,계,20~24세,6559
합계,구로구,남자,계,25~29세,9054
합계,구로구,남자,계,30~34세,10553
합계,구로구,남자,계,35~39세,13639
합계,구로구,남자,계,40~44세,14394
합계,구로구,남자,계,45~49세,12728
합계,구로구,남자,계,50~54세,12858
합계,구로구,남자,계,55~59세,15021
합계,구로구,남자,계,60~64세,15532
합계,구로구,남자,계,65~69세,16817
합계,구로구,남자,계,70~74세,15240
합계,구로구,남자,계,75~79세,13771
합계,구로구,남자,계,80~84세,9072
합계,구로구,남자,계,85~89세,4305
합계,구로구,남자,계,90~94세,1500
합계,구로구,남자,계,95세 이상+,392
합계,구로구,여자,계,소계,201884
합계,구로구,여자,계,0~4세,6346
합계,구로구,여자,계,5~9세,5398
합계,구로구,여자,계,10~14세,4099
합계,구로구,여자,계,15~19세,3876
합계,구로구,여자,계,20~24세,7002
합계,구로구,여자,계,25~29세,10634
합계,구로구,여자,계,30~34세,11268
합계,구로구,여자,계,35~39세,13228
합계,구로구,여자,계,40~44세,13090
합계,구로구,여자,계,45~49세,11871
합계,구로구,여자,계,50~54세,12742
합계,구로구,여자,계,55~59세,15270
합계,구로구,여자,계,60~64세,15827
합계,구로구,여자,계,65~69세,17874
합계,구로구,여자,계,70~74세,16384
합계,구로구,여자,계,75~79세,16170
합계,구로구,여자,계,80~84세,11496
합계,구로구,여자,계,85~89세,5870
합계,구로구,여자,계,90~94세,2517
합계,구로구,여자,계,95세 이상+,922
합계,금천구,계,계,소계,230640
합계,금천구,계,계,0~4세,6451
합계,금천구,계,계,5~9세,5608
합계,금천구,계,계,10~14세,4511
합계,금천구,계,계,15~19세,4292
합계,금천구,계,계,20~24세,7696
합계,금천구,계,계,25~29세,12451
합계,금천구,계,계,30~34세,13110
합계,금천구,계,계,35~39세,15163
합계,금천구,계,계,40~44세,15669
합계,금천구,계,계,45~49세,14571
합계,금천구,계,계,50~54세,15473
합계,금천구,계,계,55~59세,18293
합계,금천구,계,계,60~64세,19025
합계,금천구,계,계,65~69세,21171
합계,금천구,계,계,70~74세,19470
합계,금천구,계,계,75~79세,17889
합계,금천구,계,계,80~84세,11463
합계,금천구,계,계,85~89세,5495
합계,금천구,계,계,90~94세,2125
합계,금천구,계,계,95세 이상+,714
합계,금천구,남자,계,소계,115446
합계,금천구,남자,계,0~4세,3333
합계,금천구,남자,계,5~9세,2875
합계,금천구,남자,계,10~14세,2302
합계,금천구,남자,계,15~19세,2175
합계,금천구,남자,계,20~24세,3711
합계,금천구,남자,계,25~29세,6183
합계,금천구,남자,계,30~34세,6823
합계,금천구,남자,계,35~39세,8128
합계,금천구,남자,계,40~44세,8543
합계,금천구,남자,계,45~49세,7849
합계,금천구,남자,계,50~54세,8077
합계,금천구,남자,계,55~59세,9452
합계,금천구,남자,계,60~64세,9745
합계,금천구,남자,계,65~69세,10543
합계,금천구,남자,계,70~74세,9421
합계,금천구,남자,계,75~79세,8287
합계,금천구,남자,계,80~84세,4943
합계,금천구,남자,계,85~89세,2185
합계,금천구,남자,계,90~94세,695
합계,금천구,남자,계,95세 이상+,176
합계,금천구,여자,계,소계,115194
합계,금천구,여자,계,0~4세,3118
합계,금천구,여자,계,5~9세,2733
합계,금천구,여자,계,10~14세,2209
합계,금천구,여자,계,15~19세,2117
합계,금천구,여자,계,20~24세,3985
합계,금천구,여자,계,25~29세,6268
합계,금천구,여자,계,30~34세,6287
합계,금천구,여자,계,35~39세,7035
합계,금천구,여자,계,40~44세,7126
합계,금천구,여자,계,45~49세,6722
합계,금천구,여자,계,50~54세,7396
합계,금천구,여자,계,55~59세,8841
합계,금천구,여자,계,60~64세,9280
합계,금천구,여자,계,65~69세,10628
합계,금천구,여자,계,70~74세,10049
합계,금천구,여자,계,75~79세,9602
합계,금천구,여자,계,80~84세,6520
합계,금천구,여자,계,85~89세,3310
합계,금천구,여자,계,90~94세,1430
합계,금천구,여자,계,95세 이상+,538
합계,영등포구,계,계,소계,343648
합계,영등포구,계,계,0~4세,12286
합계,영등포구,계,계,5~9세,9742
합계,영등포구,계,계,10~14세,7003
합계,영등포구,계,계,15~19세,6434
합계,영등포구,계,계,20~24세,11905
합계,영등포구,계,계,25~29세,20891
합계,영등포구,계,계,30~34세,23986
합계,영등포구,계,계,35~39세,27375
합계,영등포구,계,계,40~44세,26628
합계,영등포구,계,계,45~49세,22797
합계,영등포구,계,계,50~54세,22612
합계,영등포구,계,계,55~59세,25303
합계,영등포구,계,계,60~64세,25080
합계,영등포구,계,계,65~69세,27294
합계,영등포구,계,계,70~74세,24110
합계,영등포구,계,계,75~79세,22319
합계,영등포구,계,계,80~84세,15408
합계,영등포구,계,계,85~89세,7895
합계,영등포구,계,계,90~94세,3357
합계,영등포구,계,계,95세 이상+,1223
합계,영등포구,남자,계,소계,169283
합계,영등포구,남자,계,0~4세,6325
합계,영등포구,남자,계,5~9세,5010
합계,영등포구,남자,계,10~14세,3687
합계,영등포구,남자,계,15~19세,3407
합계,영등포구,남자,계,20~24세,5581
합계,영등포구,남자,계,25~29세,9410
합계,영등포구,남자,계,30~34세,11622
합계,영등포구,남자,계,35~39세,13901
합계,영등포구,남자,계,40~44세,13974
합계,영등포구,남자,계,45~49세,11917
합계,영등포구,남자,계,50~54세,11673
합계,영등포구,남자,계,55~59세,12999
합계,영등포구,남자,계,60~64세,12783
합계,영등포구,남자,계,65~69세,13724
합계,영등포구,남자,계,70~74세,11767
합계,영등포구,남자,계,75~79세,10215
합계,영등포구,남자,계,80~84세,6704
합계,영등포구,남자,계,85~89세,3101
합계,영등포구,남자,계,90~94세,1152
합계,영등포구,남자,계,95세 이상+,331
합계,영등포구,여자,계,소계,174365
합계,영등포구,여자,계,0~4세,5961
합계,영등포구,여자,계,5~9세,4732
합계,영등포구,여자,계,10~14세,3316
합계,영등포구,여자,계,15~19세,3027
합계,영등포구,여자,계,20~24세,6324
합계,영등포구,여자,계,25~29세,11481
합계,영등포구,여자,계,30~34세,12364
합계,영등포구,여자,계,35~39세,13474
합계,영등포구,여자,계,40~44세,12654
합계,영등포구,여자,계,45~49세,10880
합계,영등포구,여자,계,50~54세,10939
합계,영등포구,여자,계,55~59세,12304
합계,영등포구,여자,계,60~64세,12297
합계,영등포구,여자,계,65~69세,13570
합계,영등포구,여자,계,70~74세,12343
합계,영등포구,여자,계,75~79세,12104
합계,영등포구,여자,계,80~84세,8704
합계,영등포구,여자,계,85~89세,4794
합계,영등포구,여자,계,90~94세,2205
합계,영등포구,여자,계,95세 이상+,892
합계,동작구,계,계,소계,366446
합계,동작구,계,계,0~4세,11668
합계,동작구,계,계,5~9세,10377
합계,동작구,계,계,10~14세,8076
합계,동작구,계,계,15~19세,7866
합계,동작구,계,계,20~24세,16833
합계,동작구,계,계,25~29세,24831
합계,동작구,계,계,30~34세,23322
합계,동작구,계,계,35~39세,26120
합계,동작구,계,계,40~44세,26947
합계,동작구,계,계,45~49세,23625
합계,동작구,계,계,50~54세,23723
합계,동작구,계,계,55~59세,26963
합계,동작구,계,계,60~64세,26564
합계,동작구,계,계,65~69세,28858
합계,동작구,계,계,70~74세,25404
합계,동작구,계,계,75~79세,24284
합계,동작구,계,계,80~84세,16743
합계,동작구,계,계,85~89세,8936
합계,동작구,계,계,90~94세,3929
합계,동작구,계,계,95세 이상+,1377
합계,동작구,남자,계,소계,173738
합계,동작구,남자,계,0~4세,5952
합계,동작구,남자,계,5~9세,5269
합계,동작구,남자,계,10~14세,4121
합계,동작구,남자,계,15~19세,3949
합계,동작구,남자,계,20~24세,7810
합계,동작구,남자,계,25~29세,11582
합계,동작구,남자,계,30~34세,11221
합계,동작구,남자,계,35~39세,12800
합계,동작구,남자,계,40~44세,13548
합계,동작구,남자,계,45~49세,11765
합계,동작구,남자,계,50~54세,11440
합계,동작구,남자,계,55~59세,13016
합계,동작구,남자,계,60~64세,12789
합계,동작구,남자,계,65~69세,13629
합계,동작구,남자,계,70~74세,11686
합계,동작구,남자,계,75~79세,10716
합계,동작구,남자,계,80~84세,7064
합계,동작구,남자,계,85~89세,3473
합계,동작구,남자,계,90~94세,1458
합계,동작구,남자,계,95세 이상+,450
합계,동작구,여자,계,소계,192708
합계,동작구,여자,계,0~4세,5716
합계,동작구,여자,계,5~9세,5108
합계,동작구,여자,계,10~14세,3955
합계,동작구,여자,계,15~19세,3917
합계,동작구,여자,계,20~24세,9023
합계,동작구,여자,계,25~29세,13249
합계,동작구,여자,계,30~34세,12101
합계,동작구,여자,계,35~39세,13320
합계,동작구,여자,계,40~44세,13399
합계,동작구,여자,계,45~49세,11860
합계,동작구,여자,계,50~54세,12283
합계,동작구,여자,계,55~59세,13947
합계,동작구,여자,계,60~64세,13775
합계,동작구,여자,계,65~69세,15229
합계,동작구,여자,계,70~74세,13718
합계,동작구,여자,계,75~79세,13568
합계,동작구,여자,계,80~84세,9679
합계,동작구,여자,계,85~89세,5463
합계,동작구,여자,계,90~94세,2471
합계,동작구,여자,계,95세 이상+,927
합계,관악구,계,계,소계,456028
합계,관악구,계,계,0~4세,12621
합계,관악구,계,계,5~9세,9853
합계,관악구,계,계,10~14세,7585
합계,관악구,계,계,15~19세,7813
합계,관악구,계,계,20~24세,22562
합계,관악구,계,계,25~29세,42663
합계,관악구,계,계,30~34세,36697
합계,관악구,계,계,35~39세,34697
합계,관악구,계,계,40~44세,32757
합계,관악구,계,계,45~49세,28112
합계,관악구,계,계,50~54세,27278
합계,관악구,계,계,55~59세,31489
합계,관악구,계,계,60~64세,31681
합계,관악구,계,계,65~69세,34769
합계,관악구,계,계,70~74세,31025
합계,관악구,계,계,75~79세,29394
합계,관악구,계,계,80~84세,19526
합계,관악구,계,계,85~89세,10083
합계,관악구,계,계,90~94세,4093
합계,관악구,계,계,95세 이상+,1330
합계,관악구,남자,계,소계,224912
합계,관악구,남자,계,0~4세,6516
합계,관악구,남자,계,5~9세,5121
합계,관악구,남자,계,10~14세,3945
합계,관악구,남자,계,15~19세,3956
합계,관악구,남자,계,20~24세,9921
합계,관악구,남자,계,25~29세,20522
합계,관악구,남자,계,30~34세,19072
합계,관악구,남자,계,35~39세,18342
합계,관악구,남자,계,40~44세,17723
합계,관악구,남자,계,45~49세,14997
합계,관악구,남자,계,50~54세,14050
합계,관악구,남자,계,55~59세,15847
합계,관악구,남자,계,60~64세,15688
합계,관악구,남자,계,65~69세,16979
합계,관악구,남자,계,70~74세,14781
합계,관악구,남자,계,75~79세,13266
합계,관악구,남자,계,80~84세,8332
합계,관악구,남자,계,85~89세,4074
합계,관악구,남자,계,90~94세,1414
합계,관악구,남자,계,95세 이상+,366
합계,관악구,여자,계,소계,231116
합계,관악구,여자,계,0~4세,6105
합계,관악구,여자,계,5~9세,4732
합계,관악구,여자,계,10~14세,3640
합계,관악구,여자,계,15~19세,3857
합계,관악구,여자,계,20~24세,12641
합계,관악구,여자,계,25~29세,22141
합계,관악구,여자,계,30~34세,17625
합계,관악구,여자,계,35~39세,16355
합계,관악구,여자,계,40~44세,15034
합계,관악구,여자,계,45~49세,13115
합계,관악구,여자,계,50~54세,13228
합계,관악구,여자,계,55~59세,15642
합계,관악구,여자,계,60~64세,15993
합계,관악구,여자,계,65~69세,17790
합계,관악구,여자,계,70~74세,16244
합계,관악구,여자,계,75~79세,16128
합계,관악구,여자,계,80~84세,11194
합계,관악구,여자,계,85~89세,6009
합계,관악구,여자,계,90~94세,2679
합계,관악구,여자,계,95세 이상+,964
합계,서초구,계,계,소계,389027
합계,서초구,계,계,0~4세,13458
합계,서초구,계,계,5~9세,14974
합계,서초구,계,계,10~14세,13889
합계,서초구,계,계,15~19세,12399
합계,서초구,계,계,20~24세,16404
합계,서초구,계,계,25~29세,20432
합계,서초구,계,계,30~34세,21768
합계,서초구,계,계,35~39세,28247
합계,서초구,계,계,40~44세,33782
합계,서초구,계,계,45~49세,30802
합계,서초구,계,계,50~54세,27859
합계,서초구,계,계,55~59세,28477
합계,서초구,계,계,60~64세,26237
합계,서초구,계,계,65~69세,27456
합계,서초구,계,계,70~74세,23312
합계,서초구,계,계,75~79세,21110
합계,서초구,계,계,80~84세,14425
합계,서초구,계,계,85~89세,8000
합계,서초구,계,계,90~94세,4280
합계,서초구,계,계,95세 이상+,1716
합계,서초구,남자,계,소계,184143
합계,서초구,남자,계,0~4세,6991
합계,서초구,남자,계,5~9세,7791
합계,서초구,남자,계,10~14세,7169
합계,서초구,남자,계,15~19세,6378
합계,서초구,남자,계,20~24세,7930
합계,서초구,남자,계,25~29세,9110
합계,서초구,남자,계,30~34세,9652
합계,서초구,남자,계,35~39세,12681
합계,서초구,남자,계,40~44세,15809
합계,서초구,남자,계,45~49세,14943
합계,서초구,남자,계,50~54세,13502
합계,서초구,남자,계,55~59세,13622
합계,서초구,남자,계,60~64세,12397
합계,서초구,남자,계,65~69세,12833
합계,서초구,남자,계,70~74세,10944
합계,서초구,남자,계,75~79세,9842
합계,서초구,남자,계,80~84세,6560
합계,서초구,남자,계,85~89세,3537
합계,서초구,남자,계,90~94세,1807
합계,서초구,남자,계,95세 이상+,645
합계,서초구,여자,계,소계,204884
합계,서초구,여자,계,0~4세,6467
합계,서초구,여자,계,5~9세,7183
합계,서초구,여자,계,10~14세,6720
합계,서초구,여자,계,15~19세,6021
합계,서초구,여자,계,20~24세,8474
합계,서초구,여자,계,25~29세,11322
합계,서초구,여자,계,30~34세,12116
합계,서초구,여자,계,35~39세,15566
합계,서초구,여자,계,40~44세,17973
합계,서초구,여자,계,45~49세,15859
합계,서초구,여자,계,50~54세,14357
합계,서초구,여자,계,55~59세,14855
합계,서초구,여자,계,60~64세,13840
합계,서초구,여자,계,65~69세,14623
합계,서초구,여자,계,70~74세,12368
합계,서초구,여자,계,75~79세,11268
합계,서초구,여자,계,80~84세,7865
합계,서초구,여자,계,85~89세,4463
합계,서초구,여자,계,90~94세,2473
합계,서초구,여자,계,95세 이상+,1071
합계,강남구,계,계,소계,480386
합계,강남구,계,계,0~4세,13575
합계,강남구,계,계,5~9세,15809
합계,강남구,계,계,10~14세,17557
합계,강남구,계,계,15~19세,17966
합계,강남구,계,계,20~24세,21631
합계,강남구,계,계,25~29세,26815
합계,강남구,계,계,30~34세,28081
합계,강남구,계,계,35~39세,34460
합계,강남구,계,계,40~44세,41348
합계,강남구,계,계,45~49세,40199
합계,강남구,계,계,50~54세,35218
합계,강남구,계,계,55~59세,34246
합계,강남구,계,계,60~64세,30886
합계,강남구,계,계,65~69세,32999
합계,강남구,계,계,70~74세,28633
합계,강남구,계,계,75~79세,26169
합계,강남구,계,계,80~84세,17744
합계,강남구,계,계,85~89세,9976
합계,강남구,계,계,90~94세,5131
합계,강남구,계,계,95세 이상+,1943
합계,강남구,남자,계,소계,227891
합계,강남구,남자,계,0~4세,7074
합계,강남구,남자,계,5~9세,8297
합계,강남구,남자,계,10~14세,9307
합계,강남구,남자,계,15~19세,9438
합계,강남구,남자,계,20~24세,10319
합계,강남구,남자,계,25~29세,11787
합계,강남구,남자,계,30~34세,12520
합계,강남구,남자,계,35~39세,15494
합계,강남구,남자,계,40~44세,18923
합계,강남구,남자,계,45~49세,19283
합계,강남구,남자,계,50~54세,17492
합계,강남구,남자,계,55~59세,16719
합계,강남구,남자,계,60~64세,14741
합계,강남구,남자,계,65~69세,15482
합계,강남구,남자,계,70~74세,13442
합계,강남구,남자,계,75~79세,12144
합계,강남구,남자,계,80~84세,8072
합계,강남구,남자,계,85~89세,4447
합계,강남구,남자,계,90~94세,2178
합계,강남구,남자,계,95세 이상+,732
합계,강남구,여자,계,소계,252495
합계,강남구,여자,계,0~4세,6501
합계,강남구,여자,계,5~9세,7512
합계,강남구,여자,계,10~14세,8250
합계,강남구,여자,계,15~19세,8528
합계,강남구,여자,계,20~24세,11312
합계,강남구,여자,계,25~29세,15028
합계,강남구,여자,계,30~34세,15561
합계,강남구,여자,계,35~39세,18966
합계,강남구,여자,계,40~44세,22425
합계,강남구,여자,계,45~49세,20916
합계,강남구,여자,계,50~54세,17726
합계,강남구,여자,계,55~59세,17527
합계,강남구,여자,계,60~64세,16145
합계,강남구,여자,계,65~69세,17517
합계,강남구,여자,계,70~74세,15191
합계,강남구,여자,계,75~79세,14025
합계,강남구,여자,계,80~84세,9672
합계,강남구,여자,계,85~89세,5529
합계,강남구,여자,계,90~94세,2953
합계,강남구,여자,계,95세 이상+,1211
합계,송파구,계,계,소계,628312
합계,송파구,계,계,0~4세,21856
합계,송파구,계,계,5~9세,21706
합계,송파구,계,계,10~14세,18644
합계,송파구,계,계,15~19세,16857
합계,송파구,계,계,20~24세,24759
합계,송파구,계,계,25~29세,32929
합계,송파구,계,계,30~34세,36894
합계,송파구,계,계,35~39세,46746
합계,송파구,계,계,40~44세,51079
합계,송파구,계,계,45~49세,45351
합계,송파구,계,계,50~54세,43629
합계,송파구,계,계,55~59세,48066
합계,송파구,계,계,60~64세,46185
합계,송파구,계,계,65~69세,49463
합계,송파구,계,계,70~74세,41940
합계,송파구,계,계,75~79세,37743
합계,송파구,계,계,80~84세,24441
합계,송파구,계,계,85~89세,12552
합계,송파구,계,계,90~94세,5557
합계,송파구,계,계,95세 이상+,1915
합계,송파구,남자,계,소계,299294
합계,송파구,남자,계,0~4세,11298
합계,송파구,남자,계,5~9세,11214
합계,송파구,남자,계,10~14세,9549
합계,송파구,남자,계,15~19세,8552
합계,송파구,남자,계,20~24세,12110
합계,송파구,남자,계,25~29세,14821
합계,송파구,남자,계,30~34세,16855
합계,송파구,남자,계,35~39세,21927
합계,송파구,남자,계,40~44세,24639
합계,송파구,남자,계,45~49세,22001
합계,송파구,남자,계,50~54세,20842
합계,송파구,남자,계,55~59세,22829
합계,송파구,남자,계,60~64세,21955
합계,송파구,남자,계,65~69세,23584
합계,송파구,남자,계,70~74세,20091
합계,송파구,남자,계,75~79세,17633
합계,송파구,남자,계,80~84세,11095
합계,송파구,남자,계,85~89세,5483
합계,송파구,남자,계,90~94세,2199
합계,송파구,남자,계,95세 이상+,617
합계,송파구,여자,계,소계,329018
합계,송파구,여자,계,0~4세,10558
합계,송파구,여자,계,5~9세,10492
합계,송파구,여자,계,10~14세,9095
합계,송파구,여자,계,15~19세,8305
합계,송파구,여자,계,20~24세,12649
합계,송파구,여자,계,25~29세,18108
합계,송파구,여자,계,30~34세,20039
합계,송파구,여자,계,35~39세,24819
합계,송파구,여자,계,40~44세,26440
합계,송파구,여자,계,45~49세,23350
합계,송파구,여자,계,50~54세,22787
합계,송파구,여자,계,55~59세,25237
합계,송파구,여자,계,60~64세,24230
합계,송파구,여자,계,65~69세,25879
합계,송파구,여자,계,70~74세,21849
합계,송파구,여자,계,75~79세,20110
합계,송파구,여자,계,80~84세,13346
합계,송파구,여자,계,85~89세,7069
합계,송파구,여자,계,90~94세,3358
합계,송파구,여자,계,95세 이상+,1298
합계,강동구,계,계,소계,349805
합계,강동구,계,계,0~4세,11178
합계,강동구,계,계,5~9세,10714
합계,강동구,계,계,10~14세,9254
합계,강동구,계,계,15~19세,8838
합계,강동구,계,계,20~24세,12925
합계,강동구,계,계,25~29세,17204
합계,강동구,계,계,30~34세,18987
합계,강동구,계,계,35~39세,24271
합계,강동구,계,계,40~44세,26876
합계,강동구,계,계,45~49세,24430
합계,강동구,계,계,50~54세,23725
합계,강동구,계,계,55~59세,26698
합계,강동구,계,계,60~64세,26189
합계,강동구,계,계,65~69세,28673
합계,강동구,계,계,70~74세,25674
합계,강동구,계,계,75~79세,24430
합계,강동구,계,계,80~84세,16435
합계,강동구,계,계,85~89세,8419
합계,강동구,계,계,90~94세,3638
합계,강동구,계,계,95세 이상+,1247
합계,강동구,남자,계,소계,169786
합계,강동구,남자,계,0~4세,5759
합계,강동구,남자,계,5~9세,5601
합계,강동구,남자,계,10~14세,4942
합계,강동구,남자,계,15~19세,4718
합계,강동구,남자,계,20~24세,6506
합계,강동구,남자,계,25~29세,8029
합계,강동구,남자,계,30~34세,9076
합계,강동구,남자,계,35~39세,11885
합계,강동구,남자,계,40~44세,13578
합계,강동구,남자,계,45~49세,12452
합계,강동구,남자,계,50~54세,11885
합계,강동구,남자,계,55~59세,13226
합계,강동구,남자,계,60~64세,12805
합계,강동구,남자,계,65~69세,13801
합계,강동구,남자,계,70~74세,12109
합계,강동구,남자,계,75~79세,11121
합계,강동구,남자,계,80~84세,7122
합계,강동구,남자,계,85~89세,3483
합계,강동구,남자,계,90~94세,1328
합계,강동구,남자,계,95세 이상+,360
합계,강동구,여자,계,소계,180019
합계,강동구,여자,계,0~4세,5419
합계,강동구,여자,계,5~9세,5113
합계,강동구,여자,계,10~14세,4312
합계,강동구,여자,계,15~19세,4120
합계,강동구,여자,계,20~24세,6419
합계,강동구,여자,계,25~29세,9175
합계,강동구,여자,계,30~34세,9911
합계,강동구,여자,계,35~39세,12386
합계,강동구,여자,계,40~44세,13298
합계,강동구,여자,계,45~49세,11978
합계,강동구,여자,계,50~54세,11840
합계,강동구,여자,계,55~59세,13472
합계,강동구,여자,계,60~64세,13384
합계,강동구,여자,계,65~69세,14872
합계,강동구,여자,계,70~74세,13565
합계,강동구,여자,계,75~79세,13309
합계,강동구,여자,계,80~84세,9313
합계,강동구,여자,계,85~89세,4936
합계,강동구,여자,계,90~94세,2310
합계,강동구,여자,계,95세 이상+,8
